Center_Name,City,State,Category
Ganga Wellness Ashram #1,Pune,Maharashtra,Ayurveda & Yoga Center
Ananda Wellness Studio #2,Hyderabad,Telangana,Wellness Resort
Himalayan Yoga Ashram #3,Puducherry,Puducherry,Yoga Retreat
Prana Healing Center #4,Noida,Uttar Pradesh,Yoga Institute
Sivananda Yoga Center #5,Mangalore,Karnataka,Yoga Ashram
Inner Peace Meditation Center #6,Hyderabad,Telangana,Meditation Center
Sivananda Yoga Center #7,Goa,Goa,Yoga Retreat
Arogya Wellness Retreat #8,Dharamkot,Himachal Pradesh,Meditation Center
Himalayan Yoga Ashram #9,Kochi,Kerala,Wellness Resort
Prana Healing Center #10,Dehradun,Uttarakhand,Meditation Center
AyurYoga Eco Center #11,Bengaluru,Karnataka,Wellness Resort
Ganga Wellness Ashram #12,Mysuru,Karnataka,Yoga Institute
Sattva Yoga Institute #13,Delhi,Delhi,Ayurveda & Yoga Center
Sivananda Yoga Center #14,Lonavala,Maharashtra,Yoga Retreat
AyurYoga Eco Center #15,Coimbatore,Tamil Nadu,Wellness Resort
Prana Healing Center #16,Pune,Maharashtra,Yoga Retreat
AyurYoga Eco Center #17,Hyderabad,Telangana,Ayurveda & Yoga Center
Sivananda Yoga Center #18,Mumbai,Maharashtra,Yoga Ashram
AyurYoga Eco Center #19,Lonavala,Maharashtra,Ayurveda & Yoga Center
Inner Peace Meditation Center #20,Chennai,Tamil Nadu,Yoga Institute
Shanti Yoga School #21,Bengaluru,Karnataka,Yoga Institute
Inner Peace Meditation Center #22,Kochi,Kerala,Meditation Center
AyurYoga Eco Center #23,Kochi,Kerala,Meditation Center
AyurYoga Eco Center #24,Kochi,Kerala,Yoga Retreat
Arogya Wellness Retreat #25,Dehradun,Uttarakhand,Wellness Resort
Prana Healing Center #26,Puducherry,Puducherry,Ayurveda & Yoga Center
Nirvana Yoga Retreat #27,Dharamkot,Himachal Pradesh,Meditation Center
AyurYoga Eco Center #28,Delhi,Delhi,Yoga Institute
Ganga Wellness Ashram #29,Dharamkot,Himachal Pradesh,Yoga Institute
AyurYoga Eco Center #30,Auroville,Tamil Nadu,Wellness Resort
Nirvana Yoga Retreat #31,Madurai,Tamil Nadu,Yoga Retreat
Arogya Wellness Retreat #32,Kochi,Kerala,Wellness Resort
Inner Peace Meditation Center #33,Ahmedabad,Gujarat,Yoga Institute
Shanti Yoga School #34,Noida,Uttar Pradesh,Yoga Retreat
Himalayan Yoga Ashram #35,Goa,Goa,Yoga Institute
Inner Peace Meditation Center #36,Coimbatore,Tamil Nadu,Yoga Ashram
Nirvana Yoga Retreat #37,Madurai,Tamil Nadu,Wellness Resort
Himalayan Yoga Ashram #38,Nashik,Maharashtra,Meditation Center
Shanti Yoga School #39,Jaipur,Rajasthan,Yoga Retreat
Ganga Wellness Ashram #40,Puducherry,Puducherry,Wellness Resort
Ganga Wellness Ashram #41,Rishikesh,Uttarakhand,Yoga Ashram
Shanti Yoga School #42,Ahmedabad,Gujarat,Yoga Ashram
Ganga Wellness Ashram #43,Varkala,Kerala,Meditation Center
Prana Healing Center #44,Hyderabad,Telangana,Yoga Institute
Himalayan Yoga Ashram #45,Coimbatore,Tamil Nadu,Yoga Ashram
Ganga Wellness Ashram #46,Chennai,Tamil Nadu,Yoga Institute
Arogya Wellness Retreat #47,Noida,Uttar Pradesh,Ayurveda & Yoga Center
Arogya Wellness Retreat #48,Haridwar,Uttarakhand,Wellness Resort
Ganga Wellness Ashram #49,Puducherry,Puducherry,Wellness Resort
Sattva Yoga Institute #50,Coimbatore,Tamil Nadu,Yoga Ashram
Inner Peace Meditation Center #51,Hyderabad,Telangana,Meditation Center
Ganga Wellness Ashram #52,Haridwar,Uttarakhand,Yoga Ashram
Inner Peace Meditation Center #53,Mumbai,Maharashtra,Yoga Ashram
Ananda Wellness Studio #54,Jaipur,Rajasthan,Wellness Resort
Sattva Yoga Institute #55,Ahmedabad,Gujarat,Yoga Institute
Sattva Yoga Institute #56,Kochi,Kerala,Meditation Center
AyurYoga Eco Center #57,Auroville,Tamil Nadu,Wellness Resort
Arogya Wellness Retreat #58,Auroville,Tamil Nadu,Wellness Resort
Himalayan Yoga Ashram #59,Nashik,Maharashtra,Meditation Center
Arogya Wellness Retreat #60,Mysuru,Karnataka,Ayurveda & Yoga Center
Ananda Wellness Studio #61,Dharamkot,Himachal Pradesh,Wellness Resort
Himalayan Yoga Ashram #62,Madurai,Tamil Nadu,Ayurveda & Yoga Center
Sattva Yoga Institute #63,Hyderabad,Telangana,Yoga Institute
Sattva Yoga Institute #64,Kovalam,Kerala,Ayurveda & Yoga Center
AyurYoga Eco Center #65,Dharamshala,Himachal Pradesh,Yoga Institute
Sattva Yoga Institute #66,Kovalam,Kerala,Meditation Center
Inner Peace Meditation Center #67,Varkala,Kerala,Meditation Center
Ganga Wellness Ashram #68,Goa,Goa,Yoga Ashram
AyurYoga Eco Center #69,Lonavala,Maharashtra,Yoga Ashram
Nirvana Yoga Retreat #70,Noida,Uttar Pradesh,Yoga Ashram
Sivananda Yoga Center #71,Noida,Uttar Pradesh,Ayurveda & Yoga Center
Sattva Yoga Institute #72,Kovalam,Kerala,Yoga Ashram
Prana Healing Center #73,Bengaluru,Karnataka,Yoga Institute
Arogya Wellness Retreat #74,Delhi,Delhi,Wellness Resort
Nirvana Yoga Retreat #75,Kochi,Kerala,Meditation Center
Sattva Yoga Institute #76,Nashik,Maharashtra,Meditation Center
Arogya Wellness Retreat #77,Varkala,Kerala,Yoga Ashram
Ananda Wellness Studio #78,Varkala,Kerala,Meditation Center
Shanti Yoga School #79,Jaipur,Rajasthan,Meditation Center
Shanti Yoga School #80,Bengaluru,Karnataka,Yoga Retreat
Inner Peace Meditation Center #81,Mumbai,Maharashtra,Meditation Center
Inner Peace Meditation Center #82,Dharamshala,Himachal Pradesh,Ayurveda & Yoga Center
Prana Healing Center #83,Haridwar,Uttarakhand,Yoga Ashram
Sattva Yoga Institute #84,Gurugram,Haryana,Yoga Ashram
Shanti Yoga School #85,Dehradun,Uttarakhand,Yoga Institute
Arogya Wellness Retreat #86,Mangalore,Karnataka,Yoga Institute
Inner Peace Meditation Center #87,Goa,Goa,Wellness Resort
Arogya Wellness Retreat #88,Gurugram,Haryana,Yoga Ashram
Inner Peace Meditation Center #89,Dehradun,Uttarakhand,Yoga Institute
AyurYoga Eco Center #90,Dharamkot,Himachal Pradesh,Meditation Center
Ananda Wellness Studio #91,Jaipur,Rajasthan,Yoga Institute
Shanti Yoga School #92,Varkala,Kerala,Wellness Resort
Nirvana Yoga Retreat #93,Noida,Uttar Pradesh,Yoga Retreat
Nirvana Yoga Retreat #94,Auroville,Tamil Nadu,Meditation Center
Arogya Wellness Retreat #95,Kochi,Kerala,Ayurveda & Yoga Center
Ananda Wellness Studio #96,Noida,Uttar Pradesh,Wellness Resort
Arogya Wellness Retreat #97,Rishikesh,Uttarakhand,Meditation Center
Sivananda Yoga Center #98,Pune,Maharashtra,Yoga Retreat
Ananda Wellness Studio #99,Coimbatore,Tamil Nadu,Yoga Retreat
Arogya Wellness Retreat #100,Jaipur,Rajasthan,Meditation Center
Sattva Yoga Institute #101,Rishikesh,Uttarakhand,Ayurveda & Yoga Center
Nirvana Yoga Retreat #102,Madurai,Tamil Nadu,Wellness Resort
Sivananda Yoga Center #103,Mysuru,Karnataka,Meditation Center
Inner Peace Meditation Center #104,Mumbai,Maharashtra,Meditation Center
Sattva Yoga Institute #105,Bengaluru,Karnataka,Wellness Resort
Himalayan Yoga Ashram #106,Surat,Gujarat,Yoga Institute
Himalayan Yoga Ashram #107,Lonavala,Maharashtra,Meditation Center
Inner Peace Meditation Center #108,Bengaluru,Karnataka,Wellness Resort
Sivananda Yoga Center #109,Auroville,Tamil Nadu,Meditation Center
Ganga Wellness Ashram #110,Jaipur,Rajasthan,Yoga Institute
Sattva Yoga Institute #111,Delhi,Delhi,Yoga Ashram
Sattva Yoga Institute #112,Kochi,Kerala,Wellness Resort
Ananda Wellness Studio #113,Dharamkot,Himachal Pradesh,Ayurveda & Yoga Center
Ananda Wellness Studio #114,Bengaluru,Karnataka,Yoga Ashram
Nirvana Yoga Retreat #115,Lonavala,Maharashtra,Yoga Institute
Nirvana Yoga Retreat #116,Kovalam,Kerala,Ayurveda & Yoga Center
Ananda Wellness Studio #117,Chennai,Tamil Nadu,Ayurveda & Yoga Center
Ganga Wellness Ashram #118,Chennai,Tamil Nadu,Yoga Ashram
Ganga Wellness Ashram #119,Chennai,Tamil Nadu,Meditation Center
Inner Peace Meditation Center #120,Ahmedabad,Gujarat,Yoga Institute
Sivananda Yoga Center #121,Mumbai,Maharashtra,Yoga Institute
Sattva Yoga Institute #122,Noida,Uttar Pradesh,Yoga Ashram
Ganga Wellness Ashram #123,Nashik,Maharashtra,Wellness Resort
Inner Peace Meditation Center #124,Coimbatore,Tamil Nadu,Meditation Center
AyurYoga Eco Center #125,Auroville,Tamil Nadu,Yoga Institute
Sattva Yoga Institute #126,Chennai,Tamil Nadu,Wellness Resort
Ananda Wellness Studio #127,Goa,Goa,Ayurveda & Yoga Center
Sivananda Yoga Center #128,Mysuru,Karnataka,Yoga Retreat
Inner Peace Meditation Center #129,Ahmedabad,Gujarat,Yoga Ashram
Sivananda Yoga Center #130,Kochi,Kerala,Ayurveda & Yoga Center
Sattva Yoga Institute #131,Mumbai,Maharashtra,Yoga Ashram
Himalayan Yoga Ashram #132,Ahmedabad,Gujarat,Wellness Resort
AyurYoga Eco Center #133,Surat,Gujarat,Ayurveda & Yoga Center
Himalayan Yoga Ashram #134,Nashik,Maharashtra,Meditation Center
AyurYoga Eco Center #135,Mangalore,Karnataka,Yoga Institute
AyurYoga Eco Center #136,Haridwar,Uttarakhand,Ayurveda & Yoga Center
Sattva Yoga Institute #137,Nashik,Maharashtra,Meditation Center
Arogya Wellness Retreat #138,Mangalore,Karnataka,Yoga Ashram
Ganga Wellness Ashram #139,Hyderabad,Telangana,Yoga Institute
Prana Healing Center #140,Madurai,Tamil Nadu,Yoga Ashram
Shanti Yoga School #141,Rishikesh,Uttarakhand,Wellness Resort
Himalayan Yoga Ashram #142,Bengaluru,Karnataka,Meditation Center
Nirvana Yoga Retreat #143,Puducherry,Puducherry,Ayurveda & Yoga Center
Himalayan Yoga Ashram #144,Rishikesh,Uttarakhand,Ayurveda & Yoga Center
Ganga Wellness Ashram #145,Bengaluru,Karnataka,Yoga Retreat
Prana Healing Center #146,Dharamkot,Himachal Pradesh,Ayurveda & Yoga Center
Ananda Wellness Studio #147,Hyderabad,Telangana,Ayurveda & Yoga Center
Prana Healing Center #148,Haridwar,Uttarakhand,Yoga Institute
Ananda Wellness Studio #149,Dehradun,Uttarakhand,Yoga Retreat
Ganga Wellness Ashram #150,Nashik,Maharashtra,Yoga Ashram
AyurYoga Eco Center #151,Madurai,Tamil Nadu,Yoga Institute
Ganga Wellness Ashram #152,Rishikesh,Uttarakhand,Wellness Resort
AyurYoga Eco Center #153,Dharamkot,Himachal Pradesh,Ayurveda & Yoga Center
Ananda Wellness Studio #154,Auroville,Tamil Nadu,Meditation Center
Prana Healing Center #155,Mangalore,Karnataka,Wellness Resort
Arogya Wellness Retreat #156,Delhi,Delhi,Yoga Institute
Himalayan Yoga Ashram #157,Haridwar,Uttarakhand,Yoga Institute
Nirvana Yoga Retreat #158,Nashik,Maharashtra,Ayurveda & Yoga Center
Sivananda Yoga Center #159,Jaipur,Rajasthan,Yoga Institute
Ganga Wellness Ashram #160,Kochi,Kerala,Yoga Ashram
Ananda Wellness Studio #161,Pune,Maharashtra,Yoga Retreat
Prana Healing Center #162,Hyderabad,Telangana,Yoga Institute
Shanti Yoga School #163,Madurai,Tamil Nadu,Yoga Retreat
Shanti Yoga School #164,Lonavala,Maharashtra,Ayurveda & Yoga Center
Prana Healing Center #165,Kovalam,Kerala,Yoga Ashram
AyurYoga Eco Center #166,Chennai,Tamil Nadu,Yoga Retreat
Shanti Yoga School #167,Noida,Uttar Pradesh,Meditation Center
Shanti Yoga School #168,Dharamshala,Himachal Pradesh,Yoga Retreat
Nirvana Yoga Retreat #169,Pune,Maharashtra,Meditation Center
Inner Peace Meditation Center #170,Kovalam,Kerala,Yoga Institute
Nirvana Yoga Retreat #171,Mysuru,Karnataka,Yoga Ashram
Arogya Wellness Retreat #172,Surat,Gujarat,Yoga Ashram
Arogya Wellness Retreat #173,Kochi,Kerala,Yoga Retreat
Inner Peace Meditation Center #174,Coimbatore,Tamil Nadu,Yoga Retreat
Nirvana Yoga Retreat #175,Kovalam,Kerala,Ayurveda & Yoga Center
Arogya Wellness Retreat #176,Mangalore,Karnataka,Ayurveda & Yoga Center
Ananda Wellness Studio #177,Rishikesh,Uttarakhand,Yoga Institute
Prana Healing Center #178,Mumbai,Maharashtra,Yoga Ashram
AyurYoga Eco Center #179,Noida,Uttar Pradesh,Yoga Retreat
Ganga Wellness Ashram #180,Varkala,Kerala,Ayurveda & Yoga Center
Inner Peace Meditation Center #181,Dharamshala,Himachal Pradesh,Meditation Center
Arogya Wellness Retreat #182,Nashik,Maharashtra,Yoga Ashram
Ganga Wellness Ashram #183,Madurai,Tamil Nadu,Yoga Retreat
Ganga Wellness Ashram #184,Dharamkot,Himachal Pradesh,Ayurveda & Yoga Center
Sivananda Yoga Center #185,Haridwar,Uttarakhand,Ayurveda & Yoga Center
Ganga Wellness Ashram #186,Kovalam,Kerala,Yoga Retreat
AyurYoga Eco Center #187,Dharamshala,Himachal Pradesh,Yoga Institute
Nirvana Yoga Retreat #188,Auroville,Tamil Nadu,Meditation Center
Sattva Yoga Institute #189,Varkala,Kerala,Yoga Institute
Shanti Yoga School #190,Dharamkot,Himachal Pradesh,Yoga Ashram
AyurYoga Eco Center #191,Auroville,Tamil Nadu,Meditation Center
Sivananda Yoga Center #192,Pune,Maharashtra,Meditation Center
AyurYoga Eco Center #193,Haridwar,Uttarakhand,Yoga Retreat
Sivananda Yoga Center #194,Nashik,Maharashtra,Yoga Retreat
Nirvana Yoga Retreat #195,Gurugram,Haryana,Wellness Resort
Himalayan Yoga Ashram #196,Auroville,Tamil Nadu,Meditation Center
Ananda Wellness Studio #197,Puducherry,Puducherry,Yoga Institute
Shanti Yoga School #198,Pune,Maharashtra,Meditation Center
Sivananda Yoga Center #199,Varkala,Kerala,Meditation Center
Shanti Yoga School #200,Dehradun,Uttarakhand,Yoga Institute
AyurYoga Eco Center #201,Delhi,Delhi,Wellness Resort
Arogya Wellness Retreat #202,Noida,Uttar Pradesh,Yoga Institute
Nirvana Yoga Retreat #203,Ahmedabad,Gujarat,Meditation Center
Sivananda Yoga Center #204,Madurai,Tamil Nadu,Wellness Resort
Ananda Wellness Studio #205,Mysuru,Karnataka,Meditation Center
Ganga Wellness Ashram #206,Coimbatore,Tamil Nadu,Yoga Ashram
Arogya Wellness Retreat #207,Noida,Uttar Pradesh,Yoga Ashram
Ganga Wellness Ashram #208,Lonavala,Maharashtra,Yoga Institute
Shanti Yoga School #209,Dharamshala,Himachal Pradesh,Wellness Resort
Prana Healing Center #210,Nashik,Maharashtra,Meditation Center
AyurYoga Eco Center #211,Goa,Goa,Yoga Institute
Prana Healing Center #212,Rishikesh,Uttarakhand,Yoga Ashram
Sivananda Yoga Center #213,Rishikesh,Uttarakhand,Meditation Center
Sattva Yoga Institute #214,Bengaluru,Karnataka,Yoga Institute
Sattva Yoga Institute #215,Goa,Goa,Wellness Resort
AyurYoga Eco Center #216,Hyderabad,Telangana,Ayurveda & Yoga Center
Ananda Wellness Studio #217,Chennai,Tamil Nadu,Yoga Retreat
Inner Peace Meditation Center #218,Noida,Uttar Pradesh,Yoga Ashram
Prana Healing Center #219,Mumbai,Maharashtra,Meditation Center
Arogya Wellness Retreat #220,Ahmedabad,Gujarat,Meditation Center
Sivananda Yoga Center #221,Chennai,Tamil Nadu,Yoga Retreat
Sattva Yoga Institute #222,Auroville,Tamil Nadu,Yoga Ashram
Ananda Wellness Studio #223,Pune,Maharashtra,Yoga Ashram
Arogya Wellness Retreat #224,Puducherry,Puducherry,Meditation Center
Sivananda Yoga Center #225,Lonavala,Maharashtra,Yoga Institute
AyurYoga Eco Center #226,Chennai,Tamil Nadu,Yoga Institute
Himalayan Yoga Ashram #227,Puducherry,Puducherry,Yoga Retreat
AyurYoga Eco Center #228,Pune,Maharashtra,Yoga Institute
AyurYoga Eco Center #229,Noida,Uttar Pradesh,Meditation Center
Ganga Wellness Ashram #230,Puducherry,Puducherry,Meditation Center
Prana Healing Center #231,Delhi,Delhi,Yoga Retreat
Ananda Wellness Studio #232,Bengaluru,Karnataka,Ayurveda & Yoga Center
Himalayan Yoga Ashram #233,Dharamshala,Himachal Pradesh,Yoga Institute
Nirvana Yoga Retreat #234,Hyderabad,Telangana,Yoga Ashram
Arogya Wellness Retreat #235,Ahmedabad,Gujarat,Yoga Ashram
Shanti Yoga School #236,Ahmedabad,Gujarat,Meditation Center
Sattva Yoga Institute #237,Noida,Uttar Pradesh,Yoga Ashram
AyurYoga Eco Center #238,Pune,Maharashtra,Yoga Ashram
AyurYoga Eco Center #239,Haridwar,Uttarakhand,Wellness Resort
Sattva Yoga Institute #240,Chennai,Tamil Nadu,Ayurveda & Yoga Center
Ananda Wellness Studio #241,Noida,Uttar Pradesh,Yoga Retreat
Sivananda Yoga Center #242,Mumbai,Maharashtra,Yoga Retreat
Himalayan Yoga Ashram #243,Lonavala,Maharashtra,Yoga Ashram
Ganga Wellness Ashram #244,Varkala,Kerala,Yoga Retreat
Arogya Wellness Retreat #245,Hyderabad,Telangana,Ayurveda & Yoga Center
Ganga Wellness Ashram #246,Ahmedabad,Gujarat,Wellness Resort
Himalayan Yoga Ashram #247,Dharamkot,Himachal Pradesh,Yoga Retreat
Prana Healing Center #248,Hyderabad,Telangana,Meditation Center
Sivananda Yoga Center #249,Jaipur,Rajasthan,Ayurveda & Yoga Center
Ananda Wellness Studio #250,Delhi,Delhi,Ayurveda & Yoga Center
Sivananda Yoga Center #251,Pune,Maharashtra,Meditation Center
AyurYoga Eco Center #252,Lonavala,Maharashtra,Yoga Ashram
Shanti Yoga School #253,Ahmedabad,Gujarat,Yoga Retreat
AyurYoga Eco Center #254,Jaipur,Rajasthan,Yoga Retreat
Nirvana Yoga Retreat #255,Mysuru,Karnataka,Yoga Institute
Himalayan Yoga Ashram #256,Chennai,Tamil Nadu,Wellness Resort
Ganga Wellness Ashram #257,Gurugram,Haryana,Yoga Retreat
Ananda Wellness Studio #258,Jaipur,Rajasthan,Wellness Resort
Prana Healing Center #259,Dharamshala,Himachal Pradesh,Meditation Center
Ananda Wellness Studio #260,Mysuru,Karnataka,Ayurveda & Yoga Center
AyurYoga Eco Center #261,Nashik,Maharashtra,Yoga Retreat
Arogya Wellness Retreat #262,Mumbai,Maharashtra,Wellness Resort
Shanti Yoga School #263,Mysuru,Karnataka,Meditation Center
Prana Healing Center #264,Lonavala,Maharashtra,Yoga Ashram
Prana Healing Center #265,Ahmedabad,Gujarat,Meditation Center
Sivananda Yoga Center #266,Noida,Uttar Pradesh,Yoga Ashram
Himalayan Yoga Ashram #267,Ahmedabad,Gujarat,Ayurveda & Yoga Center
Himalayan Yoga Ashram #268,Nashik,Maharashtra,Yoga Institute
Arogya Wellness Retreat #269,Ahmedabad,Gujarat,Yoga Retreat
Sattva Yoga Institute #270,Dharamkot,Himachal Pradesh,Yoga Ashram
Himalayan Yoga Ashram #271,Noida,Uttar Pradesh,Meditation Center
Shanti Yoga School #272,Lonavala,Maharashtra,Yoga Retreat
Shanti Yoga School #273,Mangalore,Karnataka,Ayurveda & Yoga Center
AyurYoga Eco Center #274,Mumbai,Maharashtra,Yoga Institute
Prana Healing Center #275,Varkala,Kerala,Yoga Retreat
Prana Healing Center #276,Dharamkot,Himachal Pradesh,Yoga Retreat
Nirvana Yoga Retreat #277,Varkala,Kerala,Yoga Ashram
Sivananda Yoga Center #278,Pune,Maharashtra,Ayurveda & Yoga Center
Sivananda Yoga Center #279,Mysuru,Karnataka,Wellness Resort
Inner Peace Meditation Center #280,Jaipur,Rajasthan,Yoga Ashram
Arogya Wellness Retreat #281,Bengaluru,Karnataka,Ayurveda & Yoga Center
Ganga Wellness Ashram #282,Madurai,Tamil Nadu,Yoga Institute
Shanti Yoga School #283,Puducherry,Puducherry,Yoga Ashram
AyurYoga Eco Center #284,Madurai,Tamil Nadu,Yoga Institute
Inner Peace Meditation Center #285,Noida,Uttar Pradesh,Yoga Retreat
Sattva Yoga Institute #286,Mangalore,Karnataka,Ayurveda & Yoga Center
Sattva Yoga Institute #287,Delhi,Delhi,Meditation Center
Arogya Wellness Retreat #288,Puducherry,Puducherry,Meditation Center
Prana Healing Center #289,Chennai,Tamil Nadu,Yoga Ashram
Ganga Wellness Ashram #290,Puducherry,Puducherry,Ayurveda & Yoga Center
Nirvana Yoga Retreat #291,Ahmedabad,Gujarat,Ayurveda & Yoga Center
Shanti Yoga School #292,Pune,Maharashtra,Ayurveda & Yoga Center
Ganga Wellness Ashram #293,Madurai,Tamil Nadu,Ayurveda & Yoga Center
Sivananda Yoga Center #294,Chennai,Tamil Nadu,Yoga Ashram
Inner Peace Meditation Center #295,Ahmedabad,Gujarat,Yoga Ashram
AyurYoga Eco Center #296,Delhi,Delhi,Meditation Center
Arogya Wellness Retreat #297,Rishikesh,Uttarakhand,Meditation Center
Ganga Wellness Ashram #298,Lonavala,Maharashtra,Ayurveda & Yoga Center
Arogya Wellness Retreat #299,Chennai,Tamil Nadu,Wellness Resort
Sivananda Yoga Center #300,Pune,Maharashtra,Wellness Resort
Nirvana Yoga Retreat #301,Bengaluru,Karnataka,Meditation Center
AyurYoga Eco Center #302,Gurugram,Haryana,Meditation Center
Shanti Yoga School #303,Jaipur,Rajasthan,Ayurveda & Yoga Center
Arogya Wellness Retreat #304,Mumbai,Maharashtra,Yoga Institute
Prana Healing Center #305,Rishikesh,Uttarakhand,Yoga Retreat
Nirvana Yoga Retreat #306,Lonavala,Maharashtra,Yoga Institute
Inner Peace Meditation Center #307,Gurugram,Haryana,Wellness Resort
Himalayan Yoga Ashram #308,Puducherry,Puducherry,Meditation Center
Arogya Wellness Retreat #309,Pune,Maharashtra,Yoga Institute
Sattva Yoga Institute #310,Kochi,Kerala,Meditation Center
Sivananda Yoga Center #311,Nashik,Maharashtra,Yoga Retreat
Himalayan Yoga Ashram #312,Goa,Goa,Yoga Retreat
Inner Peace Meditation Center #313,Pune,Maharashtra,Meditation Center
Inner Peace Meditation Center #314,Goa,Goa,Wellness Resort
Nirvana Yoga Retreat #315,Nashik,Maharashtra,Ayurveda & Yoga Center
Prana Healing Center #316,Haridwar,Uttarakhand,Yoga Institute
Ananda Wellness Studio #317,Gurugram,Haryana,Yoga Ashram
Himalayan Yoga Ashram #318,Dharamkot,Himachal Pradesh,Yoga Retreat
Prana Healing Center #319,Pune,Maharashtra,Meditation Center
AyurYoga Eco Center #320,Noida,Uttar Pradesh,Ayurveda & Yoga Center
Sivananda Yoga Center #321,Ahmedabad,Gujarat,Yoga Institute
Ganga Wellness Ashram #322,Auroville,Tamil Nadu,Ayurveda & Yoga Center
Ganga Wellness Ashram #323,Jaipur,Rajasthan,Meditation Center
Arogya Wellness Retreat #324,Noida,Uttar Pradesh,Wellness Resort
Inner Peace Meditation Center #325,Dehradun,Uttarakhand,Yoga Retreat
AyurYoga Eco Center #326,Rishikesh,Uttarakhand,Yoga Institute
AyurYoga Eco Center #327,Mumbai,Maharashtra,Yoga Ashram
AyurYoga Eco Center #328,Goa,Goa,Yoga Ashram
Prana Healing Center #329,Dharamkot,Himachal Pradesh,Yoga Retreat
Inner Peace Meditation Center #330,Chennai,Tamil Nadu,Meditation Center
Sattva Yoga Institute #331,Haridwar,Uttarakhand,Yoga Retreat
Arogya Wellness Retreat #332,Kochi,Kerala,Yoga Ashram
Himalayan Yoga Ashram #333,Mangalore,Karnataka,Yoga Retreat
Sivananda Yoga Center #334,Kochi,Kerala,Wellness Resort
Ganga Wellness Ashram #335,Pune,Maharashtra,Yoga Institute
Ananda Wellness Studio #336,Bengaluru,Karnataka,Yoga Retreat
Sivananda Yoga Center #337,Coimbatore,Tamil Nadu,Yoga Ashram
Ananda Wellness Studio #338,Dehradun,Uttarakhand,Yoga Institute
Ganga Wellness Ashram #339,Nashik,Maharashtra,Yoga Institute
AyurYoga Eco Center #340,Delhi,Delhi,Meditation Center
Nirvana Yoga Retreat #341,Goa,Goa,Yoga Ashram
Ganga Wellness Ashram #342,Kochi,Kerala,Yoga Retreat
Arogya Wellness Retreat #343,Dehradun,Uttarakhand,Yoga Ashram
Nirvana Yoga Retreat #344,Mumbai,Maharashtra,Ayurveda & Yoga Center
Sivananda Yoga Center #345,Rishikesh,Uttarakhand,Wellness Resort
Sattva Yoga Institute #346,Jaipur,Rajasthan,Yoga Ashram
Ganga Wellness Ashram #347,Bengaluru,Karnataka,Meditation Center
Shanti Yoga School #348,Nashik,Maharashtra,Yoga Institute
Sattva Yoga Institute #349,Madurai,Tamil Nadu,Ayurveda & Yoga Center
Sivananda Yoga Center #350,Haridwar,Uttarakhand,Wellness Resort
Ananda Wellness Studio #351,Rishikesh,Uttarakhand,Wellness Resort
Sattva Yoga Institute #352,Mangalore,Karnataka,Yoga Retreat
Sattva Yoga Institute #353,Dharamkot,Himachal Pradesh,Yoga Institute
Arogya Wellness Retreat #354,Mangalore,Karnataka,Yoga Institute
Ganga Wellness Ashram #355,Nashik,Maharashtra,Yoga Retreat
Shanti Yoga School #356,Madurai,Tamil Nadu,Yoga Ashram
Prana Healing Center #357,Coimbatore,Tamil Nadu,Yoga Ashram
Inner Peace Meditation Center #358,Lonavala,Maharashtra,Wellness Resort
Nirvana Yoga Retreat #359,Goa,Goa,Meditation Center
Prana Healing Center #360,Dehradun,Uttarakhand,Wellness Resort
AyurYoga Eco Center #361,Surat,Gujarat,Yoga Ashram
Shanti Yoga School #362,Madurai,Tamil Nadu,Ayurveda & Yoga Center
Himalayan Yoga Ashram #363,Ahmedabad,Gujarat,Yoga Institute
Arogya Wellness Retreat #364,Mysuru,Karnataka,Ayurveda & Yoga Center
Prana Healing Center #365,Dharamkot,Himachal Pradesh,Meditation Center
Sivananda Yoga Center #366,Surat,Gujarat,Meditation Center
Himalayan Yoga Ashram #367,Dehradun,Uttarakhand,Ayurveda & Yoga Center
Sattva Yoga Institute #368,Gurugram,Haryana,Ayurveda & Yoga Center
AyurYoga Eco Center #369,Puducherry,Puducherry,Yoga Retreat
AyurYoga Eco Center #370,Gurugram,Haryana,Meditation Center
Sattva Yoga Institute #371,Jaipur,Rajasthan,Yoga Ashram
Nirvana Yoga Retreat #372,Gurugram,Haryana,Ayurveda & Yoga Center
Sattva Yoga Institute #373,Kochi,Kerala,Yoga Institute
Nirvana Yoga Retreat #374,Haridwar,Uttarakhand,Yoga Ashram
Prana Healing Center #375,Rishikesh,Uttarakhand,Ayurveda & Yoga Center
Himalayan Yoga Ashram #376,Auroville,Tamil Nadu,Yoga Ashram
Nirvana Yoga Retreat #377,Jaipur,Rajasthan,Ayurveda & Yoga Center
Himalayan Yoga Ashram #378,Jaipur,Rajasthan,Meditation Center
Nirvana Yoga Retreat #379,Rishikesh,Uttarakhand,Yoga Ashram
Nirvana Yoga Retreat #380,Noida,Uttar Pradesh,Meditation Center
Sattva Yoga Institute #381,Chennai,Tamil Nadu,Ayurveda & Yoga Center
Shanti Yoga School #382,Ahmedabad,Gujarat,Wellness Resort
AyurYoga Eco Center #383,Mumbai,Maharashtra,Wellness Resort
Ganga Wellness Ashram #384,Kovalam,Kerala,Wellness Resort
Inner Peace Meditation Center #385,Rishikesh,Uttarakhand,Yoga Retreat
AyurYoga Eco Center #386,Ahmedabad,Gujarat,Yoga Ashram
Sivananda Yoga Center #387,Puducherry,Puducherry,Wellness Resort
Nirvana Yoga Retreat #388,Coimbatore,Tamil Nadu,Meditation Center
Himalayan Yoga Ashram #389,Ahmedabad,Gujarat,Meditation Center
Sattva Yoga Institute #390,Noida,Uttar Pradesh,Meditation Center
AyurYoga Eco Center #391,Hyderabad,Telangana,Yoga Institute
Sivananda Yoga Center #392,Kovalam,Kerala,Wellness Resort
Arogya Wellness Retreat #393,Mangalore,Karnataka,Wellness Resort
Sivananda Yoga Center #394,Nashik,Maharashtra,Wellness Resort
Inner Peace Meditation Center #395,Rishikesh,Uttarakhand,Yoga Retreat
Ganga Wellness Ashram #396,Madurai,Tamil Nadu,Yoga Ashram
Shanti Yoga School #397,Nashik,Maharashtra,Wellness Resort
Himalayan Yoga Ashram #398,Dharamshala,Himachal Pradesh,Ayurveda & Yoga Center
Sattva Yoga Institute #399,Hyderabad,Telangana,Yoga Ashram
Arogya Wellness Retreat #400,Kovalam,Kerala,Yoga Institute
Himalayan Yoga Ashram #401,Dharamshala,Himachal Pradesh,Meditation Center
Sivananda Yoga Center #402,Bengaluru,Karnataka,Yoga Institute
Sivananda Yoga Center #403,Kovalam,Kerala,Yoga Retreat
Shanti Yoga School #404,Puducherry,Puducherry,Ayurveda & Yoga Center
Himalayan Yoga Ashram #405,Hyderabad,Telangana,Yoga Institute
AyurYoga Eco Center #406,Goa,Goa,Yoga Retreat
Sivananda Yoga Center #407,Delhi,Delhi,Yoga Institute
Ganga Wellness Ashram #408,Nashik,Maharashtra,Ayurveda & Yoga Center
Ganga Wellness Ashram #409,Coimbatore,Tamil Nadu,Meditation Center
Himalayan Yoga Ashram #410,Mysuru,Karnataka,Yoga Institute
Nirvana Yoga Retreat #411,Dehradun,Uttarakhand,Meditation Center
Ananda Wellness Studio #412,Jaipur,Rajasthan,Meditation Center
Prana Healing Center #413,Chennai,Tamil Nadu,Wellness Resort
Inner Peace Meditation Center #414,Dehradun,Uttarakhand,Wellness Resort
Nirvana Yoga Retreat #415,Gurugram,Haryana,Meditation Center
AyurYoga Eco Center #416,Lonavala,Maharashtra,Meditation Center
Prana Healing Center #417,Varkala,Kerala,Ayurveda & Yoga Center
AyurYoga Eco Center #418,Noida,Uttar Pradesh,Yoga Retreat
Ananda Wellness Studio #419,Haridwar,Uttarakhand,Wellness Resort
Shanti Yoga School #420,Bengaluru,Karnataka,Ayurveda & Yoga Center
Ganga Wellness Ashram #421,Auroville,Tamil Nadu,Wellness Resort
Sivananda Yoga Center #422,Dharamshala,Himachal Pradesh,Yoga Ashram
Arogya Wellness Retreat #423,Noida,Uttar Pradesh,Yoga Retreat
Ganga Wellness Ashram #424,Kovalam,Kerala,Ayurveda & Yoga Center
Nirvana Yoga Retreat #425,Gurugram,Haryana,Yoga Institute
AyurYoga Eco Center #426,Mangalore,Karnataka,Yoga Retreat
Shanti Yoga School #427,Mysuru,Karnataka,Ayurveda & Yoga Center
Sattva Yoga Institute #428,Coimbatore,Tamil Nadu,Wellness Resort
Ananda Wellness Studio #429,Puducherry,Puducherry,Yoga Institute
Nirvana Yoga Retreat #430,Mangalore,Karnataka,Ayurveda & Yoga Center
Sattva Yoga Institute #431,Lonavala,Maharashtra,Yoga Retreat
Shanti Yoga School #432,Haridwar,Uttarakhand,Ayurveda & Yoga Center
AyurYoga Eco Center #433,Mumbai,Maharashtra,Ayurveda & Yoga Center
AyurYoga Eco Center #434,Nashik,Maharashtra,Yoga Institute
Ananda Wellness Studio #435,Goa,Goa,Ayurveda & Yoga Center
Inner Peace Meditation Center #436,Haridwar,Uttarakhand,Yoga Retreat
Ganga Wellness Ashram #437,Varkala,Kerala,Meditation Center
Himalayan Yoga Ashram #438,Jaipur,Rajasthan,Yoga Retreat
AyurYoga Eco Center #439,Kovalam,Kerala,Yoga Ashram
Himalayan Yoga Ashram #440,Mangalore,Karnataka,Yoga Institute
Nirvana Yoga Retreat #441,Delhi,Delhi,Yoga Retreat
AyurYoga Eco Center #442,Mumbai,Maharashtra,Ayurveda & Yoga Center
Ganga Wellness Ashram #443,Varkala,Kerala,Ayurveda & Yoga Center
Ananda Wellness Studio #444,Auroville,Tamil Nadu,Wellness Resort
Ananda Wellness Studio #445,Surat,Gujarat,Yoga Ashram
Sivananda Yoga Center #446,Bengaluru,Karnataka,Yoga Institute
Ananda Wellness Studio #447,Haridwar,Uttarakhand,Wellness Resort
Sattva Yoga Institute #448,Chennai,Tamil Nadu,Yoga Ashram
Inner Peace Meditation Center #449,Haridwar,Uttarakhand,Yoga Ashram
Ananda Wellness Studio #450,Bengaluru,Karnataka,Ayurveda & Yoga Center
Ganga Wellness Ashram #451,Dharamkot,Himachal Pradesh,Meditation Center
Arogya Wellness Retreat #452,Surat,Gujarat,Ayurveda & Yoga Center
Prana Healing Center #453,Noida,Uttar Pradesh,Yoga Institute
AyurYoga Eco Center #454,Coimbatore,Tamil Nadu,Meditation Center
Prana Healing Center #455,Dehradun,Uttarakhand,Meditation Center
Nirvana Yoga Retreat #456,Hyderabad,Telangana,Yoga Ashram
Sattva Yoga Institute #457,Coimbatore,Tamil Nadu,Yoga Ashram
Sivananda Yoga Center #458,Delhi,Delhi,Ayurveda & Yoga Center
Nirvana Yoga Retreat #459,Mysuru,Karnataka,Meditation Center
Inner Peace Meditation Center #460,Dharamshala,Himachal Pradesh,Yoga Retreat
Ananda Wellness Studio #461,Ahmedabad,Gujarat,Yoga Retreat
AyurYoga Eco Center #462,Lonavala,Maharashtra,Ayurveda & Yoga Center
Arogya Wellness Retreat #463,Rishikesh,Uttarakhand,Wellness Resort
Sattva Yoga Institute #464,Pune,Maharashtra,Yoga Retreat
Ganga Wellness Ashram #465,Auroville,Tamil Nadu,Ayurveda & Yoga Center
Nirvana Yoga Retreat #466,Varkala,Kerala,Yoga Institute
Sivananda Yoga Center #467,Chennai,Tamil Nadu,Wellness Resort
Sivananda Yoga Center #468,Mysuru,Karnataka,Yoga Retreat
Prana Healing Center #469,Kovalam,Kerala,Yoga Retreat
Inner Peace Meditation Center #470,Dharamshala,Himachal Pradesh,Meditation Center
Ganga Wellness Ashram #471,Chennai,Tamil Nadu,Yoga Institute
Arogya Wellness Retreat #472,Coimbatore,Tamil Nadu,Yoga Retreat
Shanti Yoga School #473,Gurugram,Haryana,Meditation Center
Shanti Yoga School #474,Ahmedabad,Gujarat,Yoga Institute
Shanti Yoga School #475,Coimbatore,Tamil Nadu,Yoga Institute
Ananda Wellness Studio #476,Puducherry,Puducherry,Yoga Ashram
Nirvana Yoga Retreat #477,Mysuru,Karnataka,Yoga Retreat
Ganga Wellness Ashram #478,Puducherry,Puducherry,Yoga Institute
Shanti Yoga School #479,Delhi,Delhi,Wellness Resort
Sattva Yoga Institute #480,Gurugram,Haryana,Ayurveda & Yoga Center
Prana Healing Center #481,Varkala,Kerala,Meditation Center
Ganga Wellness Ashram #482,Gurugram,Haryana,Ayurveda & Yoga Center
Himalayan Yoga Ashram #483,Rishikesh,Uttarakhand,Wellness Resort
Sattva Yoga Institute #484,Dharamkot,Himachal Pradesh,Ayurveda & Yoga Center
Sivananda Yoga Center #485,Ahmedabad,Gujarat,Yoga Retreat
AyurYoga Eco Center #486,Coimbatore,Tamil Nadu,Meditation Center
Inner Peace Meditation Center #487,Mysuru,Karnataka,Yoga Institute
AyurYoga Eco Center #488,Chennai,Tamil Nadu,Ayurveda & Yoga Center
Sattva Yoga Institute #489,Madurai,Tamil Nadu,Meditation Center
Nirvana Yoga Retreat #490,Dehradun,Uttarakhand,Meditation Center
Shanti Yoga School #491,Lonavala,Maharashtra,Wellness Resort
Prana Healing Center #492,Madurai,Tamil Nadu,Wellness Resort
Sivananda Yoga Center #493,Bengaluru,Karnataka,Wellness Resort
Inner Peace Meditation Center #494,Gurugram,Haryana,Yoga Institute
Ganga Wellness Ashram #495,Dharamkot,Himachal Pradesh,Yoga Retreat
Nirvana Yoga Retreat #496,Rishikesh,Uttarakhand,Yoga Retreat
Ananda Wellness Studio #497,Haridwar,Uttarakhand,Yoga Ashram
Nirvana Yoga Retreat #498,Delhi,Delhi,Wellness Resort
Prana Healing Center #499,Auroville,Tamil Nadu,Yoga Retreat
Ganga Wellness Ashram #500,Dharamkot,Himachal Pradesh,Meditation Center
